Alpha,P@1,P@3,P@5,Recall@5,Recall@10,MRR,NDCG@5,NDCG@10
0.0,1.0,0.4333,0.28,1.0,1.0,1.0,0.9967,0.9967
0.1,1.0,0.4333,0.28,1.0,1.0,1.0,0.9967,0.9967
0.2,1.0,0.4333,0.28,1.0,1.0,1.0,0.9967,0.9967
0.3,1.0,0.4667,0.28,1.0,1.0,1.0,1.0,1.0
0.4,0.9,0.4667,0.28,1.0,1.0,0.95,0.9693,0.9693
0.5,0.9,0.4333,0.28,1.0,1.0,0.9333,0.9571,0.9571
0.6,0.9,0.4333,0.28,1.0,1.0,0.9333,0.9571,0.9571
0.7,0.9,0.4333,0.28,1.0,1.0,0.9333,0.9571,0.9571
0.8,0.9,0.4333,0.28,1.0,1.0,0.9333,0.9571,0.9571
0.9,0.9,0.4333,0.28,1.0,1.0,0.9333,0.9571,0.9571
1.0,0.9,0.4333,0.28,1.0,1.0,0.9333,0.9571,0.9571
